Modelo,Acurácia,Precisão,Recall,F1-Score
Regressão Logística,0.8010087116001834,0.6348195329087049,0.5329768270944741,0.5794573643410853
Random Forest,0.7840440165061898,0.6004464285714286,0.47950089126559714,0.533201189296333
